use hsp;
insert into usergroup values (1, 'gourp1');
insert into userinfo values ('310226199708170021', 'yisheng1', 1, 0, '11', 1, true, false, false, false, false, false);
insert into userinfo values ('310226199708170022', 'yisheng2', 1, 2, '11', 1, false, true, false, false, false, false);
insert into userinfo values ('310226199708170023', 'yisheng3', 1, 2, '11', 1, false, false, true, false, false, false);
insert into userinfo values ('310226199708170024', 'yisheng4', 1, 2, '11', 1,  false, false, false, true, false, false);
insert into userinfo values ('310226199708170025', 'yisheng5', 1, 2, '11', 1,  false, false, false, false, true, false);
insert into userinfo values ('310226199708170028', 'yisheng8', 1, 2, '11', 1,  false, false, false, false, false, true);
insert into userinfo values ('310226199708170029', 'yisheng9', 1, 2, '11', 1,  true, false, false, false, false, true);
insert into userinfo values ('310226199708170026', 'zhuanjia6', 1, 3, '11', 1, false, false, false, false, false, false);
insert into userinfo values ('310226199708170027', 'dengluyisheng', 1, 0, '11', 1, false, false, false, false, false, false);
insert into hospitalconstuct values (1, 'jiegou1');
insert into hospitalclass values ('1', 'class1', 1);
insert into patientinfo values ('310226199708170012', 'zhangsan', '2018-01-01', 1, 18);
insert into patientinfo values ('310226199708170013', 'lisi', '2018-01-01', 1, 18);
insert into patientinfo values ('310226199708170014', 'wanglwu', '2018-01-01', 1, 18);
insert into patientinfo values ('310226199708170015', 'aa', '2018-01-01', 1, 18);
insert into doctortimetable values ('1', '310226199708170021', 0, '1');
insert into doctortimetable values ('2', '310226199708170022', 0, '1');
insert into doctortimetable values ('3', '310226199708170023', 0, '1');
insert into doctortimetable values ('4', '310226199708170024', 0, '1');
insert into doctortimetable values ('5', '310226199708170025', 0, '1');
insert into doctortimetable values ('6', '310226199708170022', 1, '1');
insert into doctortimetable values ('7', '310226199708170023', 2, '1');
insert into doctortimetable values ('8', '310226199708170024', 3, '1');
insert into doctortimetable values ('9', '310226199708170025', 4, '1');
insert into doctortimetable values ('10', '310226199708170022', 4, '1');
insert into doctortimetable values ('11', '310226199708170023', 5, '1');
insert into doctortimetable values ('12', '310226199708170024', 2, '1');
insert into doctortimetable values ('13', '310226199708170025', 3, '1');
insert into expertstimetable values (1, '310226199708170026', '1', 0);
insert into imgdoctortimetable values ('1', '310226199708170021', 6);
insert into medicine values ('300001', 1, 'yaopin1');
insert into medicine values ('300002', 1, 'yaopin2');
insert into checkclass values (1, 'jiancha');
insert into examclass values (1, 'jianyan');
insert into checkitem values ('200001', 'jianchaxiangmu1', 1);
insert into checkitem values ('200002', 'jianchaxiangmu2', 1);
insert into examitem values ('100001', 'jianyanxingmu1', 1);
insert into examitem values ('100002', 'jianyanxingmu2', 1);
insert into opcheckin values (100000, '310226199708170015', '310226199708170021', 0, false);
insert into imgpcheckin values (100000, '310226199708170015', '310226199708170021', 0);
insert into price values ('1', 0, 10);
insert into price values ('2', 3, 30);
insert into price values ('3', 100001, 5);
insert into price values ('4', 100002, 7);
insert into price values ('5', 200001, 6);
insert into price values ('6', 200002, 8);
insert into price values ('7', 300001, 12);
insert into price values ('8', 300002, 14);
insert into inhospitalarea values (1, 'area1');
insert into inhospitalarea values (2, 'area2');
insert into inhospitalarea values (3, 'area3');
insert into bedinfo values (1, 1, false);
insert into bedinfo values (2, 1, false);
insert into bedinfo values (3, 2, false);
insert into bedinfo values (4, 2, false);
insert into bedinfo values (5, 3, false);
insert into bedinfo values (6, 3, false);
insert into fdarea values ('001', '区域001');
insert into fdarea values ('002', '区域002');
insert into fdarea values ('003', '区域003');
insert into lectureplace values ('001', '讲座地区001');
insert into lectureplace values ('002', '讲座地区002');
insert into lectureplace values ('003', '讲座地区003');
insert into fpinfo values ('310226199708170012', '张昀', 22, '男', '17521065817');
insert into fptestresult values ('3102261997081700122019.1.13', '310226199708170012', '张昀', 85, 120, '2019.1.13');
insert into fptestresult values ('3102261997081700122019.1.20', '310226199708170012', '张昀', 92, 130, '2019.1.20');